name,country,adm0_a3,pop_max,latitude,longitude
Abidjan,Ivory Coast,CIV,3802000,5.321943,-4.041994
Abu Dhabi,United Arab Emirates,ARE,603492,24.466684,54.366593
Abuja,Nigeria,NGA,1576000,9.085279,7.531382
Accra,Ghana,GHA,2121000,5.551981,-0.218662
Addis Ababa,Ethiopia,ETH,3100000,9.035256,38.698059
Algiers,Algeria,DZA,3354000,36.765011,3.048607
Amman,Jordan,JOR,1060000,31.951971,35.931354
Amsterdam,Netherlands,NLD,1031000,52.351915,4.914694
Andorra,Andorra,AND,53998,42.500001,1.516486
Ankara,Turkey,TUR,3716000,39.929184,32.862446
Antananarivo,Madagascar,MDG,1697000,-18.914692,47.514678
Apia,Samoa,WSM,61916,-13.841545,-171.738642
Ashgabat,Turkmenistan,TKM,727700,37.949995,58.383299
Asmara,Eritrea,ERI,620802,15.333339,38.933324
Asunción,Paraguay,PRY,1870000,-25.294457,-57.643451
Athens,Greece,GRC,3242000,37.985272,23.731375
Baghdad,Iraq,IRQ,5054000,33.340594,44.391923
Baguio,Philippines,PHL,447824,16.429991,120.569943
Baku,Azerbaijan,AZE,2122300,40.397218,49.860271
Bamako,Mali,MLI,1494000,12.651961,-8.001985
Bandar Seri Begawan,Brunei,BRN,296500,4.883331,114.933284
Bangkok,Thailand,THA,6704000,13.751945,100.514699
Bangui,Central African Republic,CAF,831925,4.366644,18.558288
Banjul,The Gambia,GMB,43094,13.453877,-16.591702
Basseterre,Saint Kitts and Nevis,KNA,21887,17.302031,-62.717009
Beijing,China,CHN,11106000,39.930838,116.38634
Beirut,Lebanon,LBN,1846000,33.873921,35.507762
Belgrade,Serbia,SRB,1099000,44.820591,20.466045
Belmopan,Belize,BLZ,15220,17.252034,-88.767073
Berlin,Germany,DEU,3406000,52.523765,13.399603
Bern,Switzerland,CHE,275329,46.916683,7.466976
Bir Lehlou,Western Sahara,SAH,500,26.119167,-9.652522
Bishkek,Kyrgyzstan,KGZ,837000,42.875025,74.583258
Bissau,Guinea Bissau,GNB,403339,11.865024,-15.598361
Bloemfontein,South Africa,ZAF,463064,-29.119994,26.229913
Bogota,Colombia,COL,7772000,4.598369,-74.08529
Brasília,Brazil,BRA,3716996,-15.781394,-47.917998
Bratislava,Slovakia,SVK,423737,48.150018,17.116981
Brazzaville,Congo (Brazzaville),COG,1355000,-4.25724,15.282744
Bridgetown,Barbados,BRB,191152,13.102003,-59.616527
Brussels,Belgium,BEL,1743000,50.835263,4.331371
Bucharest,Romania,ROU,1942000,44.435318,26.098001
Budapest,Hungary,HUN,1679000,47.501952,19.081375
Buenos Aires,Argentina,ARG,12795000,-34.600556,-58.399477
Bujumbura,Burundi,BDI,331700,-3.376087,29.360006
Cairo,Egypt,EGY,11893000,30.051906,31.248022
Canberra,Australia,AUS,327700,-35.283029,149.129026
Cape Town,South Africa,ZAF,3215000,-33.918065,18.433042
Caracas,Venezuela,VEN,2985000,10.502944,-66.918983
Castries,Saint Lucia,LCA,37963,14.001974,-61.000008
Chișinău,Moldova,MDA,688134,47.005024,28.857711
Colombo,Sri Lanka,LKA,217000,6.931966,79.857751
Conakry,Guinea,GIN,1494000,9.533469,-13.682181
Cotonou,Benin,BEN,762000,6.401954,2.518045
Dakar,Senegal,SEN,2604000,14.717778,-17.475076
Damascus,Syria,SYR,2466000,33.50198,36.29805
Dar es Salaam,Tanzania,TZA,2930000,-6.798067,39.266396
Dhaka,Bangladesh,BGD,12797394,23.725006,90.406634
Dili,East Timor,TLS,234331,-8.559388,125.579456
Djibouti,Djibouti,DJI,923000,11.595015,43.148002
Dodoma,Tanzania,TZA,218269,-6.183306,35.750004
Doha,Qatar,QAT,1450000,25.286556,51.532968
Dublin,Ireland,IRL,1059000,53.335007,-6.250852
Dushanbe,Tajikistan,TJK,1086244,38.560035,68.773879
Freetown,Sierra Leone,SLE,827000,8.471957,-13.236162
Funafuti,Tuvalu,TUV,4749,-8.516652,179.216647
Gaborone,Botswana,BWA,208411,-24.646314,25.911948
Georgetown,Guyana,GUY,264350,6.801974,-58.167029
Guatemala City,Guatemala,GTM,1024000,14.623081,-90.528911
Hanoi,Vietnam,VNM,4378000,21.035273,105.848068
Harare,Zimbabwe,ZWE,1572000,-17.815844,31.042764
Hargeisa,Somaliland,SOL,477876,9.560022,44.06531
Havana,Cuba,CUB,2174000,23.133905,-82.366128
Helsinki,Finland,FIN,1115000,60.177509,24.932181
Honiara,Solomon Islands,SLB,76328,-9.437994,159.949766
Islamabad,Pakistan,PAK,780000,33.701942,73.164689
Jakarta,Indonesia,IDN,9125000,-6.172472,106.827492
Jerusalem,Israel,ISR,1029300,31.778408,35.206626
Johannesburg,South Africa,ZAF,3435000,-26.168099,28.028064
Juba,South Sudan,SSD,111975,4.829975,31.580026
Kabul,Afghanistan,AFG,3277000,34.518636,69.181314
Kampala,Uganda,UGA,1420000,0.318605,32.581378
Kathmandu,Nepal,NPL,895000,27.718638,85.314696
Khartoum,Sudan,SDN,4754000,15.590024,32.532233
Kigali,Rwanda,RWA,860000,-1.951644,30.058586
Kingston,Jamaica,JAM,937700,17.977077,-76.767434
Kingstown,Saint Vincent and the Grenadines,VCT,49485,13.148279,-61.212062
Kinshasa,Congo (Kinshasa),COD,7843000,-4.327778,15.313026
Kuala Lumpur,Malaysia,MYS,1448000,3.168612,101.698037
Kuwait City,Kuwait,KWT,2063000,29.371664,47.976355
Kyiv,Ukraine,UKR,2709000,50.435313,30.514682
Kyoto,Japan,JPN,1805000,35.031938,135.748052
København,Denmark,DNK,1085000,55.68051,12.56154
La Paz,Bolivia,BOL,1590000,-16.496028,-68.151931
Laayoune,Morocco,MAR,188084,27.149982,-13.200006
Lagos,Nigeria,NGA,9466000,6.445208,3.389585
Libreville,Gabon,GAB,578156,0.385389,9.457965
Lilongwe,Malawi,MWI,646750,-13.983295,33.783302
Lima,Peru,PER,8012000,-12.046067,-77.052008
Lisbon,Portugal,PRT,2812000,38.724669,-9.146812
Ljubljana,Slovenia,SVN,314807,46.055288,14.514969
Lobamba,eSwatini,SWZ,9782,-26.466668,31.199997
Lomé,Togo,TGO,1452000,6.133883,1.220811
London,United Kingdom,GBR,8567000,51.501941,-0.118668
Luanda,Angola,AGO,5172900,-8.83634,13.232481
Lusaka,Zambia,ZMB,1328000,-15.414698,28.281382
Luxembourg,Luxembourg,LUX,107260,49.61166,6.130003
Madrid,Spain,ESP,5567000,40.401972,-3.685298
Majuro,Marshall Islands,MHL,25400,7.103004,171.38
Malabo,Equatorial Guinea,GNQ,155963,3.750015,8.783278
Malé,Maldives,MDV,112927,4.166708,73.499948
Managua,Nicaragua,NIC,920000,12.154962,-86.270438
Manama,Bahrain,BHR,563920,26.236136,50.583052
Manila,Philippines,PHL,11100000,14.606105,120.980271
Maputo,Mozambique,MOZ,1446000,-25.953332,32.587217
Maseru,Lesotho,LSO,361324,-29.316674,27.483273
Mbabane,eSwatini,SWZ,90138,-26.316651,31.133335
Melekeok,Palau,PLW,7026,7.487396,134.626549
Mexico City,Mexico,MEX,19028000,19.444388,-99.132934
Minsk,Belarus,BLR,1805000,53.901923,27.564681
Mogadishu,Somalia,SOM,1100000,2.068627,45.364732
Monaco,Monaco,MCO,36371,43.739646,7.406913
Monrovia,Liberia,LBR,1041000,6.314582,-10.79966
Montevideo,Uruguay,URY,1513000,-34.856096,-56.172998
Moroni,Comoros,COM,128698,-11.704158,43.240244
Moscow,Russia,RUS,10452000,55.75411,37.613577
Muscat,Oman,OMN,734697,23.613325,58.593312
N'Djamena,Chad,TCD,989000,12.115042,15.047203
Nairobi,Kenya,KEN,3010000,-1.281401,36.814711
Nassau,The Bahamas,BHS,227940,25.08339,-77.350044
Naypyidaw,Myanmar,MMR,930000,19.768503,96.116673
New Delhi,India,IND,317797,28.600023,77.19998
Niamey,Niger,NER,915000,13.518652,2.11471
Nicosia,Cyprus,CYP,224300,35.166677,33.366635
Nouakchott,Mauritania,MRT,742144,18.086427,-15.97534
Nuku'alofa,Tonga,TON,42620,-21.138512,-175.220565
Nur-Sultan,Kazakhstan,KAZ,345604,51.181125,71.427774
Oslo,Norway,NOR,835000,59.918636,10.748033
Ottawa,Canada,CAN,1145000,45.418643,-75.701961
Ouagadougou,Burkina Faso,BFA,1149000,12.372262,-1.52667
Palikir,Federated States of Micronesia,FSM,4645,6.916644,158.149974
Panama City,Panama,PAN,1281000,8.969963,-79.534983
Paramaribo,Suriname,SUR,254169,5.83503,-55.167031
Paris,France,FRA,9904000,48.868639,2.33139
Phnom Penh,Cambodia,KHM,1466000,11.551976,104.914689
Podgorica,Montenegro,MNE,145850,42.465973,19.266307
Port Louis,Mauritius,MUS,595491,-20.166639,57.499994
Port Moresby,Papua New Guinea,PNG,283733,-9.464708,147.192504
Port Vila,Vanuatu,VUT,44040,-17.73335,168.316641
Port-au-Prince,Haiti,HTI,1998000,18.542971,-72.33798
Port-of-Spain,Trinidad and Tobago,TTO,294934,10.651997,-61.517031
Porto-Novo,Benin,BEN,300000,6.483311,2.616626
Prague,Czechia,CZE,1162000,50.085283,14.464034
Praia,Cape Verde,CPV,113364,14.916698,-23.516689
Pretoria,South Africa,ZAF,1338000,-25.704975,28.227483
Pristina,Kosovo,KOS,465186,42.66671,21.165984
Putrajaya,Malaysia,MYS,67964,2.91402,101.701947
Pyongyang,North Korea,PRK,3300000,39.021385,125.752745
Quito,Ecuador,ECU,1701000,-0.213042,-78.501997
Rabat,Morocco,MAR,1705000,34.025307,-6.836408
Reykjavík,Iceland,ISL,166212,64.150024,-21.950015
Riga,Latvia,LVA,742572,56.950024,24.099965
Riyadh,Saudi Arabia,SAU,4465000,24.642779,46.770796
Rome,Italy,ITA,3339000,41.897902,12.481313
Roseau,Dominica,DMA,23336,15.301016,-61.387013
Saint George's,Grenada,GRD,33734,12.052633,-61.741643
Saint John's,Antigua and Barbuda,ATG,35499,17.118037,-61.850034
San José,Costa Rica,CRI,1284000,9.936958,-84.085997
San Marino,San Marino,SMR,29579,43.936096,12.44177
San Salvador,El Salvador,SLV,1433000,13.711948,-89.204987
Sanaa,Yemen,YEM,2008000,15.356679,44.204648
Santiago,Chile,CHL,5720000,-33.448068,-70.668987
Santo Domingo,Dominican Republic,DOM,2154000,18.472019,-69.902031
Sarajevo,Bosnia and Herzegovina,BIH,696731,43.850022,18.383002
Seoul,South Korea,KOR,9796000,37.568295,126.997785
Singapore,Singapore,SGP,5183700,1.294979,103.853875
Skopje,North Macedonia,MKD,494087,42.000006,21.433462
Sofia,Bulgaria,BGR,1185000,42.685295,23.314708
Sri Jayawardenepura Kotte,Sri Lanka,LKA,115826,6.900004,79.949993
Stockholm,Sweden,SWE,1264000,59.352706,18.095389
Sucre,Bolivia,BOL,224838,-19.040971,-65.259516
Suva,Fiji,FJI,175399,-18.133016,178.441707
São Tomé,Sao Tome and Principe,STP,88219,0.333402,6.733325
Taipei,Taiwan,TWN,6900273,25.035833,121.568333
Tallinn,Estonia,EST,394024,59.433877,24.728041
Tarawa,Kiribati,KIR,28802,1.338188,173.017571
Tashkent,Uzbekistan,UZB,2184000,41.313648,69.292987
Tbilisi,Georgia,GEO,1100000,41.726956,44.78885
Tegucigalpa,Honduras,HND,946000,14.103991,-87.219475
Tehran,Iran,IRN,7873000,35.673889,51.422398
Tel Aviv,Israel,ISR,3112000,32.081937,34.768066
The Hague,Netherlands,NLD,1406000,52.080037,4.269961
Thimphu,Bhutan,BTN,98676,27.472986,89.639014
Tirana,Albania,ALB,895350,41.327541,19.818883
Tokyo,Japan,JPN,35676000,35.686963,139.749462
Tripoli,Libya,LBY,2189000,32.8925,13.180012
Tunis,Tunisia,TUN,2412500,36.802778,10.179678
Ulaanbaatar,Mongolia,MNG,885000,47.918619,106.91467
Vaduz,Liechtenstein,LIE,36281,47.133724,9.51667
Valletta,Malta,MLT,368250,35.899733,14.514711
Valparaíso,Chile,CHL,854000,-33.045819,-71.62296
Vatican City,Vatican,VAT,832,41.903282,12.453387
Victoria,Seychelles,SYC,33576,-4.616632,55.44999
Vienna,Austria,AUT,2400000,48.201961,16.364693
Vientiane,Laos,LAO,754000,17.966693,102.59998
Vilnius,Lithuania,LTU,542366,54.683366,25.316635
Warsaw,Poland,POL,1707000,52.251947,20.998054
"Washington,  D.C.",United States of America,USA,4338000,38.901495,-77.011364
Wellington,New Zealand,NZL,393400,-41.299988,174.783266
Windhoek,Namibia,NAM,268132,-22.570006,17.083546
Yamoussoukro,Ivory Coast,CIV,206499,6.818381,-5.275503
Yangon,Myanmar,MMR,4088000,16.7853,96.164732
Yaoundé,Cameroon,CMR,1611000,3.868647,11.514705
Yerevan,Armenia,ARM,1102000,40.183097,44.511606
Zagreb,Croatia,HRV,722526,45.800007,15.999995
